{"mse":7.981561172106678e+08,"_wandb":{"runtime":0},"_runtime":0,"mae":24246.743116333208,"r2":-0.053597262656530864,"_timestamp":1.7642470418508663e+09,"_step":0}