{"_wandb":{"runtime":0},"_runtime":0,"_step":0,"mse":8.017378690346504e+08,"mae":24343.46017450734,"r2":-0.0583253150210874,"_timestamp":1.7642461220615647e+09}