{"r2":-0.0019314828694010355,"_wandb":{"runtime":0},"_runtime":0,"_timestamp":1.764247059993697e+09,"_step":0,"mse":7.590165335678806e+08,"mae":23692.56422263859}