{"_runtime":0,"_wandb":{"runtime":0},"_timestamp":1.7642470324261596e+09,"_step":0,"mse":7.976205688961897e+08,"mae":24264.55834452454,"r2":-0.05289031795487742}