{"_runtime":0,"mse":8.017378690346504e+08,"mae":24343.46017450734,"r2":-0.0583253150210874,"_timestamp":1.7646793997676513e+09,"_step":0,"_wandb":{"runtime":0}}