{"_runtime":0,"mae":23865.550942328402,"r2":-0.001142638734995538,"_timestamp":1.7642472671630027e+09,"_step":0,"mse":7.594238595460739e+08,"_wandb":{"runtime":0}}